<?xml version="1.0" encoding="UTF-8"?>
<!DOCTYPE mapper PUBLIC "-//mybatis.org//DTD Mapper 3.0//EN" "http://mybatis.org/dtd/mybatis-3-mapper.dtd">
<mapper namespace="com.huaihua.hhyx.mapper.ActivityInfoMapper">

    <select id="findSkuIdListExist" resultType="java.lang.Long">
        select sku.sku_id from activity_info info inner join activity_sku sku
        on info.id=sku.activity_id
        <where>
            <if test="skuList != null">
                and sku.sku_id in
                    <foreach collection="skuList" index="index" item="skuId" open="(" separator="," close=")">
                        #{skuId}
                    </foreach>
                    and now() between info.start_time and info.end_time
            </if>
        </where>
    </select>
</mapper>